<?xml version="1.0" encoding="UTF-8" ?>
<!DOCTYPE mapper
PUBLIC "-//mybatis.org//DTD Mapper 3.0//EN"
"http://mybatis.org/dtd/mybatis-3-mapper.dtd">
<mapper namespace="com.tis.mapper.MemberMapper">
	
	
	<insert id="createmember" parameterType="Member">
		insert into member(name,id,pwd,sex,post,addr1,addr2,tel,email,state)
		values(member_seq.nextval,#{name},#{id},#{pwd},#{sex},#{post},#{addr1},#{addr2},#{tel},#{email},#{state})
	</insert>
	<select id="selectmember" parameterType="Member" resultType="Member">
		select * from memberView where id=?
	</select>
	<select id="selectmemberlist" parameterType="Member" resultType="Member">
		select * from member where midx=?
	</select>
	
	<delete id="deletemember" parameterType="Member">
	update member set state=-1 where midx=?
	</delete>
	
	
</mapper>



